{"web":{"client_id":"553128868918-qlb05vc9t0md22v50v2b2n6kjotljl0p.apps.googleusercontent.com","project_id":"restaurant-menu-app-251206","auth_uri":"https://accounts.google.com/o/oauth2/auth","token_uri":"https://oauth2.googleapis.com/token","auth_provider_x509_cert_url":"https://www.googleapis.com/oauth2/v1/certs","client_secret":"f2wxZokdQ3wWXt9yoOeCYDB9","redirect_uris":["http://localhost:8000/login","http://localhost:8000/gconnect","http://localhost:8000"],"javascript_origins":["http://localhost:8000"]}}